season,level1,level2,beta,delta_F,d_B,coverage,A_rev,A_lf,A_imbalance,A_ep_blocked_rate,A_lost_rate,A_flex_share_n,A_flex_share_cbm,A_avg_unit_price,A_mean_d,A_no_offer_rate,B_rev,B_lf,B_imbalance,B_ep_blocked_rate,B_lost_rate,B_flex_share_n,B_flex_share_cbm,B_avg_unit_price,B_mean_d,B_no_offer_rate,P_rev,P_lf,P_imbalance,P_ep_blocked_rate,P_lost_rate,P_flex_share_n,P_flex_share_cbm,P_avg_unit_price,P_mean_d,P_no_offer_rate,C_rev,C_lf,C_imbalance,C_ep_blocked_rate,C_lost_rate,C_flex_share_n,C_flex_share_cbm,C_avg_unit_price,C_mean_d,C_no_offer_rate,A_rev_sd,B_rev_sd,P_rev_sd,C_rev_sd,cannibalisation,gap_BA,gap_CB,gap_CA,gap_PA,gap_CP,d_paper,CA_ci95
Peak/Peak,Peak,Peak,0.2,0.0,0.05,0.4722222222222222,4420.903027488779,0.6674068580146104,0.06069012592987935,0.48138423728868285,0.48138423728868285,0.0,0.0,100.0,,0.0,4465.7346919222455,0.6932538627910756,0.038966652905573905,0.5508246072256536,0.5018381815642498,0.5470108118333276,0.5505250868789391,97.24737456560531,0.05000000000000002,0.0,4213.216953313336,0.6937637241548997,0.038886474781093756,0.5512328152922071,0.5024328691620265,0.551150216594738,0.5546795628478031,91.67980655728296,0.14999999999999997,0.0,4524.055083774772,0.692979500628488,0.04009928448868853,0.5483747555006908,0.49963317377132216,0.5223426659496085,0.5206856677886361,98.55672039692348,0.024396472954449296,0.050587651063874715,237.63471716592514,220.4378259805342,214.67387708158256,221.87553698672144,0.7315587074863906,1.01408386826644,1.3059529030691983,2.3332802290528196,-4.69782017122,7.377691059013449,0.15,0.38145500310036035
Peak/Normal,Peak,Normal,0.2,0.0,0.05,0.4444444444444444,4349.794947285919,0.6566719425250481,0.06251118904478842,0.43770646337956803,0.43770646337956803,0.0,0.0,100.0,,0.0,4420.467935222771,0.6861941401366528,0.03894145630584599,0.5063976317094037,0.45437963430144035,0.5469397963987859,0.5493512581149376,97.25324370942532,0.05000000000000002,0.0,4168.632019371513,0.6864247359087166,0.03765735321316908,0.5070145428760662,0.4549150380818599,0.5523492686620339,0.554463798563923,91.68304302154117,0.14999999999999997,0.0,4475.114447946906,0.6851103845566251,0.039304624738653045,0.5043032497395227,0.45108903796610167,0.5081020307896997,0.5049511467315361,98.60876608452422,0.026820219928692168,0.08741143136758706,247.85678774532636,225.72600591543352,223.46767427893104,233.06083884901946,0.7278025728537674,1.6247429773890618,1.2362155664269183,2.8810438694168923,-4.16486133507153,7.352110408190936,0.15,0.38639699177460674
Peak/OffPeak,Peak,OffPeak,0.2,0.0,0.05,0.5092592592592593,4156.48619424206,0.6274888578263981,0.09522714277455192,0.38387145823079744,0.38387145823079744,0.0,0.0,100.0,,0.0,4314.708205709443,0.6697934017618905,0.03811435854905129,0.4482578150801045,0.39087430124683764,0.546752913754375,0.549780211654293,97.25109894172853,0.05000000000000002,0.0,4070.35847223553,0.6702540759479018,0.03839955733681591,0.44819676281254744,0.39096969299444767,0.5513850796418756,0.5544587519719691,91.68311872042047,0.14999999999999997,0.0,4351.870160848808,0.669485877322866,0.039091585433742006,0.4476585414876835,0.3898210013170927,0.539284954593092,0.541839951574041,98.12957167704872,0.030998954765449165,0.016417614880533518,271.98488928988763,239.47904509861758,228.46326738840395,245.82073781163385,0.709327661340527,3.806629062946635,0.861285476737233,4.700700482956286,-2.0721281866842776,6.916139955080316,0.15,0.4935189435310499
Normal/Peak,Normal,Peak,0.2,0.0,0.05,0.47685185185185186,4355.122865282341,0.657476277971368,0.06477628758706419,0.43360010631782364,0.43360010631782364,0.0,0.0,100.0,,0.0,4403.55173270991,0.6835940557331389,0.03922134751969728,0.506616340359403,0.45504956651628686,0.5461326447001437,0.5500726435060667,97.24963678246966,0.05000000000000001,0.0,4152.128119672062,0.6836680198880981,0.039427159243516786,0.5073292484787091,0.4555101898582348,0.5502362037945726,0.5540594679728228,91.68910798040764,0.14999999999999997,0.0,4507.3701211480075,0.6835092825454474,0.03997380688033502,0.49797355321044756,0.4489004743114393,0.48995458345983506,0.48615522957321816,99.55991746258485,0.010411001505868179,0.12564918655240281,246.9408618412912,230.38951211367504,221.37278016089707,226.19875247600146,0.7220092024539877,1.1119977306180757,2.3576057405418247,3.495819993491647,-4.661056688629587,8.555660886109717,0.15,0.3991545524647684
Normal/Normal,Normal,Normal,0.2,0.0,0.05,0.4398148148148148,4271.401124965366,0.644837126353467,0.06004341344806176,0.3833670235375915,0.3833670235375915,0.0,0.0,100.0,,0.0,4341.532021039695,0.6738147594384943,0.04133046883904397,0.4598156897794107,0.40592703253106477,0.5420508339978981,0.5455872214334423,97.27206389283279,0.05000000000000002,0.0,4098.264408132495,0.6743168356027689,0.04062890277229732,0.4598715594457169,0.40618917550668165,0.546096826108619,0.5495972996928028,91.75604050460795,0.14999999999999997,0.0,4350.416374147424,0.6737195507875556,0.041089902255892846,0.45822527660100826,0.40507097253827323,0.5340737269436131,0.5369210084962714,97.47744845611018,0.046158878525180726,0.018223859800646412,250.8001451757013,234.65252874576336,224.08622659832523,242.81854370210056,0.7505969064673518,1.6418709932071218,0.20463636026808615,1.8498672185160043,-4.053393998070703,6.152652462212166,0.15,0.398466660616267
Normal/OffPeak,Normal,OffPeak,0.2,0.0,0.05,0.4537037037037037,4088.8793019455707,0.617282503313039,0.07893767262382241,0.3098792104295194,0.3098792104295194,0.0,0.0,100.0,,0.0,4215.750936333852,0.6542675641006506,0.04119433749024809,0.381372226799471,0.32495507959363784,0.5392614681007033,0.5450836265675663,97.27458186716215,0.05000000000000001,0.0,3979.3496778201334,0.6547426100433428,0.04139481374536572,0.38215186413754,0.32517081898699524,0.5441778909844937,0.5497345269475975,91.75398209578603,0.14999999999999997,0.0,4244.622490965637,0.6543054457740061,0.04202498214570137,0.3798536399593641,0.32347427195890033,0.5239724529834706,0.5275915753638016,97.92669878249951,0.03903336720205114,0.033319246898372706,266.0540973614201,249.836731917845,238.85119686597997,260.7467799764586,0.7334042315011754,3.1028461595311336,0.6848496286379768,3.8089456185698674,-2.6787199141173206,6.666235305333064,0.15,0.449107171614649
OffPeak/Peak,OffPeak,Peak,0.2,0.0,0.05,0.4861111111111111,4139.638189618011,0.6249453788674534,0.09137920527144112,0.387860352925437,0.387860352925437,0.0,0.0,100.0,,0.0,4303.960653476261,0.6681590457664598,0.04045827573158872,0.44908255961174814,0.3908284361357783,0.546457470486796,0.550992545860471,97.24503727069765,0.05000000000000002,0.0,4058.424620170733,0.6682404413998096,0.04056555867901622,0.4490110556488969,0.3911235278600663,0.5501004440957764,0.554362655165215,91.68456017252178,0.14999999999999997,0.0,4389.01612656275,0.6691372667234776,0.04000548822578688,0.4460680058058804,0.38757524486716605,0.5240498118720973,0.5262702376953813,99.02561734927947,0.019353417324200137,0.05242043519230208,256.1411776371018,228.56524429633697,221.61191394251605,234.28829237268724,0.7002246710174388,3.9694885478243367,1.9762140022769796,6.024148138602202,-1.9618518751459337,8.145808714764545,0.15,0.4579932860740563
OffPeak/Normal,OffPeak,Normal,0.2,0.0,0.05,0.4722222222222222,4081.826502484269,0.6162177690948475,0.07999851533665296,0.3069759842492452,0.3069759842492452,0.0,0.0,100.0,,0.0,4199.811265446526,0.6518033653686479,0.0412455716837135,0.3786179802517019,0.3222269695845448,0.5394502353119411,0.5452030556653402,97.2739847216733,0.05000000000000001,0.0,3959.168515007791,0.6513899028977221,0.040490091260061846,0.3795284069608701,0.32339235735188593,0.5434925965950893,0.5493096133611092,91.76035579958335,0.14999999999999994,0.0,4228.65584796998,0.6506158788174381,0.04186169324800249,0.37397803830039406,0.31951215535606986,0.5127797092845331,0.5171155781235413,98.1189723517586,0.03509824360832542,0.05623604626916134,268.97905437831037,240.34247393411434,230.88282496575246,247.86334660602088,0.7346997194710024,2.8904894142475013,0.6868066372593808,3.5971481246532133,-3.0049779774281493,6.806664882807051,0.15,0.46502668990949303
OffPeak/OffPeak,OffPeak,OffPeak,0.2,0.0,0.05,0.4583333333333333,3892.5529500636108,0.5876438632342408,0.06690224661423885,0.2118923803346046,0.2118923803346046,0.0,0.0,100.0,,0.0,4030.7015865344256,0.6256037901570104,0.04137346384443935,0.28252833115967635,0.2239607195897596,0.5369834800111619,0.5467251866169517,97.26637406691525,0.05000000000000002,0.0,3803.262889546806,0.6258739424471093,0.04082112426270076,0.2826173342126911,0.22438898236653124,0.5411664484408945,0.5507099580440173,91.73935062933974,0.14999999999999994,0.0,4009.960055466593,0.6227180256847679,0.042940606574698316,0.277182388568561,0.22148599575503383,0.48717563015020543,0.4931895829290667,97.21694246624155,0.05359639069397043,0.10488126742942466,282.4684090058876,246.26353655995084,236.99539748299725,250.270856117357,0.7610827775598273,3.549049640251066,-0.514588605048928,3.016198030165876,-2.293868873777184,5.434732542099316,0.15,0.4675840564503785
ANY,ANY,ANY,0.2,0.0,0.05,0.5462962962962963,4198.892632345066,0.633890795945813,0.07094248706436636,0.36760399343115924,0.36760399343115924,0.0,0.0,100.0,,0.0,4301.856260506732,0.6675705052717423,0.0404242879873267,0.43593453633560453,0.3811747189219746,0.5404122000913357,0.54336211696812,97.2831894151594,0.05000000000000002,0.0,4055.4632355053805,0.6670357124163715,0.039475915691749325,0.43695736932828116,0.3823087469422461,0.5447468380963638,0.5477737701609405,91.7833934475859,0.14999999999999997,0.0,4267.0093015153,0.6657484206218794,0.041134215707087966,0.4314718097288224,0.3783455145831802,0.5086113533243508,0.5087318745245071,96.76270351057319,0.06233606973839821,0.07233455601189444,296.86543309376896,267.3213223192481,257.5878222154365,268.3693721638893,0.7314074645790838,2.4521614905918905,-0.81004470817273,1.6222531780287712,-3.415886268079704,5.216323110954229,0.15,0.43010306986301583
Peak/Peak,Peak,Peak,0.2,-0.30000000000000004,0.05,0.46296296296296297,4437.009456631802,0.6698383841533518,0.05726470019442567,0.48137709114222177,0.48137709114222177,0.0,0.0,100.0,,0.0,4471.945618046186,0.6920082544221158,0.039499807696938075,0.5448708024925027,0.4940159764714177,0.4826748941921448,0.4883749689854189,97.55812515507291,0.05000000000000002,0.0,4248.55138819607,0.692551171860131,0.03921539061243847,0.5449881652890108,0.49444729294267664,0.4869832917438658,0.4925777168218014,92.61133424767299,0.14999999999999994,0.0,4519.395558309671,0.6903664928716244,0.0410377702190703,0.539966905832787,0.49266299838577937,0.45770633707846853,0.4608690285153857,98.82189553352157,0.025726958218988943,0.05434378829138952,236.6469955866417,232.19765122476753,230.47919900652363,247.97470775937757,0.7278005464480874,0.787380819352685,1.0610580788819317,1.8567934660299255,-4.247411917368184,6.374976912509508,0.15,0.40436046361788486
Peak/Normal,Peak,Normal,0.2,-0.30000000000000004,0.05,0.4675925925925926,4349.5606246109055,0.6566365677250764,0.0599562728342371,0.43514312337699024,0.43514312337699024,0.0,0.0,100.0,,0.0,4412.042252393191,0.6823128895904901,0.04020492082192193,0.5011006097166718,0.44801691966508683,0.47248632483265196,0.4758634244347221,97.62068287782638,0.05000000000000001,0.0,4196.176548140252,0.6826508228894044,0.04004511397822281,0.50063506327955,0.4484040805240265,0.4768647436033005,0.4799653645341088,92.80051953198836,0.14999999999999994,0.0,4433.30335081597,0.6817412900749062,0.03965867307665804,0.49886304409489723,0.44659338871780435,0.450640676264258,0.4513608446243398,98.17128134496987,0.03872858316066272,0.056559215420365516,240.15106062877206,241.30296570239048,231.01401047859608,241.5112947451632,0.7210668264908601,1.4365043546869742,0.4818879150861727,1.92531461065807,-3.526426913163785,5.6510206364127535,0.15,0.40650264395565805
Peak/OffPeak,Peak,OffPeak,0.2,-0.30000000000000004,0.05,0.5231481481481481,4147.287147187634,0.6261001128000657,0.09174000063421621,0.38939626269996025,0.38939626269996025,0.0,0.0,100.0,,0.0,4310.224243745032,0.6668772455866414,0.043100268751266615,0.4463314007593599,0.38550811330673085,0.4786637711938184,0.4849778229275553,97.57511088536222,0.05000000000000001,0.0,4096.2051652457085,0.6673404721266601,0.04319581642984556,0.44628110171266927,0.3855771219733989,0.48289132512293054,0.488776597309733,92.66835104035401,0.14999999999999994,0.0,4327.865277163033,0.6662151191103528,0.044529055862603376,0.4449615426459407,0.38259794471228964,0.45379465341938285,0.4573281401173655,98.06840419675056,0.03927458942055575,0.06555856908599657,254.83497428723905,236.4050131978014,227.70114600051625,247.29917688311812,0.6786245353159851,3.928763328285316,0.4092834251860901,4.354126530588867,-1.2316962903464628,5.655481172741227,0.15,0.45352793610832176
Normal/Peak,Normal,Peak,0.2,-0.30000000000000004,0.05,0.4583333333333333,4346.197632545772,0.6561288696476104,0.06258202598665602,0.434927055578426,0.434927055578426,0.0,0.0,100.0,,0.0,4419.656713860788,0.6836976651525862,0.0403447716078065,0.4989813691486493,0.44585362499379744,0.47789870885925334,0.48182001266757923,97.5908999366621,0.05000000000000001,0.0,4199.63677472993,0.6840176492729703,0.04106730254505086,0.500366441718441,0.4463711983857048,0.4831891790178058,0.48722872589975325,92.69156911150371,0.14999999999999994,0.0,4426.646056718728,0.6828728860635997,0.04083555316796289,0.4968163033518541,0.4439639054783322,0.4570182719868244,0.4577567334220754,97.8581126536403,0.04341422833121846,0.05278486071028187,251.44980069797626,233.9084888065163,224.00508577433737,243.23840737234167,0.7225032349135396,1.6901919223582973,0.15814221127220332,1.8510070405112624,-3.3721627548260877,5.405450379774718,0.15,0.3979667254201046
Normal/Normal,Normal,Normal,0.2,-0.30000000000000004,0.05,0.47685185185185186,4263.382976398905,0.6436266570650521,0.05922089016697202,0.37779213936072253,0.37779213936072253,0.0,0.0,100.0,,0.0,4341.38123922777,0.6715360225417212,0.043060099971997036,0.4449945829597267,0.3895473007225511,0.47588952344276303,0.4806307955066926,97.59684602246654,0.05000000000000001,0.0,4126.545032718482,0.671795625205274,0.04269548367372258,0.4451273419045711,0.38990189206098497,0.4800985428662365,0.48459994928091743,92.73100076078623,0.14999999999999994,0.0,4309.915712393885,0.6704088439009627,0.04205314195469564,0.4407890536887771,0.3877750057974766,0.4496885463878486,0.4519651267714622,97.0569084318887,0.061315916889227655,0.06574543530867988,250.75538303340286,236.05876043376713,228.18248933959487,238.11363578477662,0.7337314918501928,1.8294922895889167,-0.7247814716102128,1.0914509968392259,-3.209609468300793,4.443685412893759,0.15,0.3929760477951311
Normal/OffPeak,Normal,OffPeak,0.2,-0.30000000000000004,0.05,0.47685185185185186,4058.0174641961985,0.6126234094499092,0.07594457226456462,0.3056017559169946,0.3056017559169946,0.0,0.0,100.0,,0.0,4194.219403169903,0.6487565248773361,0.044161082078402344,0.36901389826183484,0.30827075816938637,0.47283476204373076,0.47977826570064835,97.60110867149675,0.05000000000000001,0.0,3989.4905132118765,0.6494525686285578,0.04390304711196966,0.36945661655134926,0.30881296908949396,0.4768943410665459,0.4840075402954928,92.73988689556762,0.14999999999999994,0.0,4145.887652633517,0.6478354003505078,0.042008315822440565,0.3667522328197226,0.3076127370570596,0.4494117741127424,0.4536334247845239,96.60763646677988,0.07380825538334145,0.06042818700695478,259.30817672898644,241.6533124754984,234.07068106914957,252.3240450015136,0.7241925896572221,3.3563665059456023,-1.1523419709483385,2.1653477150504004,-1.6886805340029651,3.9202283826394577,0.15,0.4427089266738669
OffPeak/Peak,OffPeak,Peak,0.2,-0.30000000000000004,0.05,0.49537037037037035,4158.553816791757,0.627800998911799,0.09414269331072944,0.38947589794175796,0.38947589794175796,0.0,0.0,100.0,,0.0,4312.946952409754,0.667389381136233,0.042392586516477794,0.4471522202984325,0.3857822299263283,0.4808741385120303,0.4877074939892793,97.56146253005359,0.05000000000000001,0.0,4097.486043450706,0.6678480030083204,0.04213845709793139,0.4466150335223967,0.38562698848894583,0.4849990847966936,0.4916445756776309,92.62533136483555,0.14999999999999994,0.0,4353.164622315415,0.6664874437255713,0.04241806634013562,0.44518172705357656,0.3846085528344808,0.4651173798674238,0.47091278918891033,98.59876616642434,0.02802363685018611,0.03919163938562537,256.29017270546797,241.89651291818933,233.42472014547957,247.37994474860506,0.6849963583394028,3.7126641236329765,0.9324870059714089,4.679771240132625,-1.4684858253959754,6.23988895028397,0.15,0.48061109825037285
OffPeak/Normal,OffPeak,Normal,0.2,-0.30000000000000004,0.05,0.5,4087.6490137516826,0.6170967713997105,0.07782967189825907,0.3120518165978863,0.3120518165978863,0.0,0.0,100.0,,0.0,4209.332936309182,0.6510633976291978,0.04418283223386512,0.3744025099624338,0.31516214054063163,0.47268626712889955,0.4790290376038726,97.60485481198064,0.05000000000000002,0.0,4000.581065429482,0.651141921813537,0.043545536585238034,0.3745968417150739,0.3155295875609165,0.47687279934424287,0.4831108780909861,92.75333682863521,0.14999999999999994,0.0,4239.815820328235,0.6469984667200838,0.04504816797594671,0.37177128831842265,0.3125930866922834,0.4223209920992285,0.42430052009414715,98.9175347558367,0.02456338180605294,0.13195870463687936,276.3840530638919,239.17958055137726,233.63472008588386,254.0969384579924,0.7158954855975773,2.976868174056275,0.7241737462986464,3.722599618133357,-2.130025059130233,5.980000179625649,0.15,0.46458088168156286
OffPeak/OffPeak,OffPeak,OffPeak,0.2,-0.30000000000000004,0.05,0.4537037037037037,3882.905348189288,0.5861874015986244,0.07076575619140583,0.2061537693169771,0.2061537693169771,0.0,0.0,100.0,,0.0,4030.104743572591,0.6230209452627785,0.044226783923712466,0.26464429556912383,0.2076740158278904,0.4606303828634967,0.4690716589019679,97.65464170549016,0.05000000000000001,0.0,3833.2857217235696,0.6230080039706734,0.043891715982111376,0.265685233741154,0.2083016533661943,0.4655655801672002,0.4741414151543444,92.88787877268486,0.14999999999999994,0.0,4020.07509279859,0.6207913610923712,0.04646997828644322,0.2613658160533837,0.20585063885576305,0.4291836852577164,0.4360405720369143,97.76784626276815,0.05163130840906762,0.07590128792382078,284.99751420571926,248.8921896942669,239.22606289645455,256.3738037239658,0.7548707311652715,3.7909601750129287,-0.24886824070755573,3.5326574384118943,-1.2778994597140352,4.87282672451126,0.15,0.4480760055318306
ANY,ANY,ANY,0.2,-0.30000000000000004,0.05,0.5231481481481481,4187.919322580941,0.6322341972495383,0.0724299390305529,0.3681865789348273,0.3681865789348273,0.0,0.0,100.0,,0.0,4296.201215604787,0.6645821567315106,0.03894736645321529,0.43133361766748096,0.3749857861214956,0.4758149972838629,0.4813026909772583,97.5934865451137,0.05000000000000001,0.0,4081.723196165667,0.6646335233726858,0.039192725383725494,0.4318039596189229,0.3756306002802121,0.48029106591712994,0.4854223146766271,92.7186652798506,0.14999999999999994,0.0,4355.049524682122,0.6628530989381787,0.04047704678957614,0.42738238825173513,0.3710538788428109,0.4301271045380699,0.430167656447138,99.19189929124845,0.018688978770498722,0.11284686536200156,313.0694258127421,276.53247182601245,263.44090017958104,281.00903703306454,0.7106461619695069,2.5855773400408584,1.3697754393715238,3.9907693827822173,-2.5357729754408775,6.696346503192942,0.15,0.43600388457588657
Peak/Peak,Peak,Peak,0.4,0.0,0.05,0.4722222222222222,4424.410374920187,0.6679363488708012,0.05917354272845378,0.4770963450590052,0.4770963450590052,0.0,0.0,100.0,,0.0,4460.120553080634,0.6925889356113365,0.03520917264509258,0.5488116407297646,0.4992732476071549,0.5532168550546376,0.5562488811762003,97.21875559411899,0.05000000000000001,0.0,4201.227345105571,0.6929132139953103,0.03522281429648226,0.5493608776082275,0.5001724334335842,0.561841338211137,0.5646689149728062,91.5299662754079,0.15,0.0,4531.831085504516,0.6925342619163501,0.03652498544606235,0.5459145296488664,0.4980985400447861,0.5367936778200039,0.5397520443508844,98.78901444530875,0.023862796150561687,0.030707331689522263,234.31299521370735,226.87629794605905,220.79003253710187,233.09714694613209,0.7376261645962733,0.8071172231868555,1.607816012380001,2.4279101955199316,-5.044356443058067,7.869218046104984,0.15,0.38489329622123014
Peak/Normal,Peak,Normal,0.4,0.0,0.05,0.48148148148148145,4345.366640558688,0.6560034179587393,0.06218722096148346,0.4348004566739138,0.4348004566739138,0.0,0.0,100.0,,0.0,4405.99187868627,0.6843553027444892,0.03672857385614891,0.5073404413687944,0.4549750257186817,0.5549303227449943,0.5608714302732589,97.19564284863371,0.05000000000000001,0.0,4145.162551855125,0.6843687349135105,0.03722718923358858,0.5082143152269617,0.45582036169346035,0.565118846993802,0.5705916479635357,91.44112528054697,0.14999999999999997,0.0,4492.070307324441,0.6856784568210444,0.037391366259111845,0.5024132997727476,0.4513051318116051,0.5287709747790658,0.5302917227084621,98.89827810967043,0.01920193048155271,0.04535534520183857,245.64739816161244,219.17877152095076,211.80614031116235,224.4710582272641,0.733667071197411,1.395169686298026,1.9536674376221779,3.3760940997809845,-4.607300264030729,8.368978324241152,0.15,0.4050651084608615
Peak/OffPeak,Peak,OffPeak,0.4,0.0,0.05,0.49074074074074076,4160.873928933647,0.628151257387326,0.0932137665249224,0.3826189927463557,0.3826189927463557,0.0,0.0,100.0,,0.0,4288.419083363801,0.6657983777300092,0.04152589689233392,0.44805500327702374,0.39154222140034944,0.5474042238163213,0.5524478866469932,97.23776056676503,0.05000000000000001,0.0,4041.8398805259426,0.666231068609688,0.04079886663586455,0.44843985478549586,0.3925986636878942,0.556002282973584,0.5608579958096587,91.58713006285512,0.14999999999999997,0.0,4343.284369560719,0.6649395276849268,0.039532007070424494,0.4455147707976825,0.387439978574737,0.5081757900711876,0.5077006869857508,98.6073669170587,0.02575143440673265,0.08702287066541206,281.0013310475952,248.2309943908779,238.32878645316038,257.2771839021655,0.6968223266095607,3.065345324289637,1.2793825680367445,4.383945386055473,-2.8607944013869893,7.458100715151314,0.15,0.4772714236800621
Normal/Peak,Normal,Peak,0.4,0.0,0.05,0.48148148148148145,4353.585140961849,0.657244133599313,0.062381444078241005,0.43443759441474566,0.43443759441474566,0.0,0.0,100.0,,0.0,4414.923295996012,0.6854872747520585,0.038316976074402494,0.5079121376428313,0.4550888713250489,0.5499552191991504,0.5536960226733902,97.23151988663305,0.05000000000000002,0.0,4155.597686408633,0.6851742585707007,0.038484807840849795,0.5091656398171245,0.45625453403788235,0.5588294633152006,0.562499970445229,91.56250044332155,0.14999999999999997,0.0,4405.1729735445815,0.6811610176807321,0.04127207577817216,0.4997816625478533,0.45212614383993965,0.49602861936014875,0.49573700233199874,97.63040444788736,0.04545207884913486,0.12214221990015538,237.69101852919857,226.4495328840746,221.2486889673946,249.64911043000592,0.7293513513513513,1.408911346582996,-0.22084919256180666,1.184950584688349,-4.547687667582259,6.005761528653586,0.15,0.41101814157831734
Normal/Normal,Normal,Normal,0.4,0.0,0.05,0.4444444444444444,4274.254492478496,0.6452678883572611,0.06133820286824775,0.3828285571955848,0.3828285571955848,0.0,0.0,100.0,,0.0,4325.618400786179,0.6716284739738421,0.04064067514654171,0.45803658543314085,0.4028294319879157,0.5497339385645489,0.553869862868197,97.23065068565901,0.05000000000000001,0.0,4072.7024056833748,0.6716939691543312,0.04130202932244446,0.4593003100183509,0.40384558767885825,0.559855427385359,0.5640863158756119,91.53870526186581,0.14999999999999997,0.0,4393.173830076512,0.6717440816146647,0.04205944389517045,0.451829707180544,0.3996096819324126,0.5161183294352576,0.517733701416367,98.73096449601107,0.025916579434079736,0.06657388083543048,250.43247881073106,235.57681910000977,224.06933445192274,245.49557224843696,0.7474126778783958,1.2017044936858459,1.5617519399782092,2.782224076906999,-4.715491020710096,7.868766054350685,0.15,0.4095651242040568
Normal/OffPeak,Normal,OffPeak,0.4,0.0,0.05,0.4722222222222222,4077.8762275542854,0.6156214111645962,0.08068778659437152,0.31023041139171337,0.31023041139171337,0.0,0.0,100.0,,0.0,4207.956863775355,0.6532137412728565,0.04175706649471513,0.3812164692042379,0.32279593578938254,0.5441309305342595,0.5495879904048541,97.25206004797572,0.05000000000000001,0.0,3968.212121259626,0.6537999272312399,0.042013603436146615,0.38175438616944946,0.3236743008090045,0.552797204913891,0.557957522010946,91.63063716983581,0.14999999999999994,0.0,4251.494212699714,0.6537254831583753,0.041090709725435375,0.3748327637873855,0.3167673901207341,0.5036984096118124,0.505095740220445,98.18247091607695,0.033207616947290894,0.08255778862079287,262.17183103802694,240.03555214744082,233.52707472268122,241.18541211700796,0.7281570363466915,3.1899113401753567,1.0346434227773396,4.257558970826249,-2.689245582140448,7.138783985926783,0.15,0.43573960728320804
OffPeak/Peak,OffPeak,Peak,0.4,0.0,0.05,0.5092592592592593,4156.283956054884,0.6274583266991068,0.09673893329158802,0.3863060141588291,0.3863060141588291,0.0,0.0,100.0,,0.0,4310.9193608136975,0.6694280914454527,0.04111510306219824,0.45060807279359033,0.3930878357405565,0.5528525628054417,0.5565131972708351,97.21743401364583,0.05000000000000001,0.0,4060.715403971371,0.6698562405586835,0.04009634450016431,0.45093079751382886,0.3939115877283294,0.5616548250450026,0.5656402870884524,91.51539569367321,0.14999999999999997,0.0,4344.736138980354,0.6691884672093024,0.041317161848234904,0.45056723161218565,0.39277001679561396,0.5500156095512964,0.5535479967127234,98.02077664467302,0.034246158564182734,0.00318147683756633,271.9096976421062,242.80811564014135,234.152257558675,239.30346909897082,0.7021568826940686,3.7205206957417003,0.7844446934927853,4.534150816402533,-2.2993749487276545,6.994352146205839,0.15,0.4651315553367166
OffPeak/Normal,OffPeak,Normal,0.4,0.0,0.05,0.4398148148148148,4067.8130003841216,0.6141022041642696,0.07620569838978698,0.30817714176703226,0.30817714176703226,0.0,0.0,100.0,,0.0,4183.066391637648,0.6496332486448679,0.042541274479855486,0.3796908396977786,0.32383671515696477,0.5547511559560143,0.5580616648590541,97.20969167570475,0.05000000000000001,0.0,3941.3387810992517,0.6502516978589307,0.042151908687413225,0.38071450945390756,0.32433873622214276,0.5633154748367845,0.5662648541255538,91.50602718811668,0.14999999999999997,0.0,4240.483701253704,0.6496676110864504,0.04264484215798899,0.3743355200553107,0.3197644114656323,0.5189993275609514,0.5199641898734094,98.54955938798983,0.026925325872981454,0.07107573680047434,275.893123777493,228.82259591502563,223.5202049911051,230.81313423160566,0.7320598571590523,2.8333011188725505,1.3726129169462489,4.244804292952427,-3.1091453631945947,7.589931664565499,0.15,0.4677070785298583
OffPeak/OffPeak,OffPeak,OffPeak,0.4,0.0,0.05,0.4583333333333333,3874.756417595409,0.5849571886466499,0.06698788457996158,0.2034605302895209,0.2034605302895209,0.0,0.0,100.0,,0.0,4026.732182892674,0.6249916267869102,0.04396939686247778,0.27444184719918296,0.216236195702679,0.53896369988191,0.5467487092625215,97.26625645368739,0.05000000000000001,0.0,3796.5551118001126,0.6253620051331611,0.043086707911058966,0.2757975947558366,0.21729894858185222,0.5483695685169494,0.5563714320801271,91.65442851879808,0.14999999999999994,0.0,4097.249314710315,0.6229476497257663,0.04636020853524002,0.2691893684194867,0.2120362467792765,0.49710216862034945,0.501152802601016,99.2983588344674,0.014898557278755997,0.08529318071487968,288.30607115885846,247.46089212817995,234.69657811940726,257.3086101580582,0.7591619682214249,3.9222017829853093,1.7512247801636522,5.742113132700622,-2.018225079650978,7.920185380046549,0.15,0.47272721334076734
ANY,ANY,ANY,0.4,0.0,0.05,0.49074074074074076,4212.240402485596,0.6359058578631637,0.07125359073724036,0.3722290955332632,0.3722290955332632,0.0,0.0,100.0,,0.0,4306.404011747156,0.6685756791330034,0.039960183071315374,0.4433949164285672,0.38784222201500923,0.548984761129795,0.5521516440845553,97.23924177957723,0.05000000000000001,0.0,4058.061533336765,0.6690381526294005,0.03919309929182454,0.4435515428241675,0.38809352681164827,0.558988464995715,0.5620484188662334,91.5692737170065,0.14999999999999997,0.0,4385.179718170725,0.6678735291376438,0.0406716862388317,0.43686837761080466,0.3833608774635677,0.5102369637397018,0.5089968481573177,99.11561233486849,0.019659677586119608,0.08165377935736103,291.6641217930031,257.0431449264818,248.3864324584539,266.91949148978074,0.725199669512531,2.23547566767545,1.829268833316202,4.105637360656806,-3.6602580673660436,8.060946886751255,0.15,0.42030323097329897
Peak/Peak,Peak,Peak,0.4,-0.30000000000000004,0.05,0.44907407407407407,4430.45248161957,0.6688485026599593,0.05856641397913618,0.47981562748748524,0.47981562748748524,0.0,0.0,100.0,,0.0,4473.448082804708,0.6921520800465233,0.040363877556963405,0.5425418378723301,0.49229406563614064,0.4822552409245502,0.48583237038268934,97.57083814808655,0.05000000000000001,0.0,4248.5364522513355,0.6927847484321048,0.039495093018825075,0.5433303787382431,0.49296839677090937,0.49092987477200395,0.4945670268463468,92.58149459730481,0.14999999999999997,0.0,4512.036930013997,0.6922961233866176,0.0402955303601912,0.5417805860982198,0.4916086970023764,0.4745979753190303,0.47736764819740585,98.39495903252501,0.03325589891535156,0.011601196313221976,236.2524138711388,220.90432503143592,216.263813423103,216.226490669435,0.7259512141401905,0.9704562087848185,0.8626197620940156,1.8414473179182802,-4.106037252920366,6.202147038729789,0.15,0.38807145203662385
Peak/Normal,Peak,Normal,0.4,-0.30000000000000004,0.05,0.46296296296296297,4333.3106898329925,0.6541833770883142,0.06366077798213374,0.4348909774532482,0.4348909774532482,0.0,0.0,100.0,,0.0,4398.966200453421,0.680622236289587,0.039518447307401006,0.49980666397250745,0.4461263271990876,0.4798880868702999,0.4855587958708679,97.57220602064564,0.05000000000000001,0.0,4178.927716132076,0.6814494757936432,0.03941637575602686,0.5008115224034785,0.44679579840344147,0.48914762709192106,0.49470156211741667,92.57947656823875,0.14999999999999997,0.0,4372.986066993071,0.6807836512614691,0.039970076018442324,0.4979477213960838,0.4449243751789169,0.46307611450582625,0.4665527767373608,96.98284935111212,0.058881468575305844,0.04408414290639691,240.92807217458608,227.16072232664135,222.02118747259541,220.1029206578655,0.7262680316426244,1.515135085385698,-0.5905963418785071,0.9155904111183851,-3.56270262511148,4.643735523633594,0.15,0.3938911217342589
Peak/OffPeak,Peak,OffPeak,0.4,-0.30000000000000004,0.05,0.5138888888888888,4173.754651440431,0.6300958109058622,0.09210070197731192,0.3840250924854619,0.3840250924854619,0.0,0.0,100.0,,0.0,4327.361808632293,0.6695541837558922,0.04231716864308172,0.4418812794431276,0.3810391394827199,0.4805115645274246,0.48590978367271714,97.5704510816364,0.05000000000000001,0.0,4110.263842790394,0.6702254683646942,0.0426125244658137,0.4425760207356153,0.3820401065208199,0.4895931673942129,0.4944656693263994,92.58301496010401,0.14999999999999994,0.0,4369.37758288233,0.6691203247459654,0.042980918079430906,0.44118331620274487,0.3769029222560083,0.44755021785163984,0.44901123842242513,98.58284656938908,0.03369801858395772,0.08859834403115455,263.94548729735106,230.50469771489296,225.61396886254883,231.33345505928875,0.6853002070393375,3.680311135175365,0.9709327786325405,4.686977260974986,-1.5211916835630368,6.304065870283106,0.15,0.442452271511712
Normal/Peak,Normal,Peak,0.4,-0.30000000000000004,0.05,0.4861111111111111,4338.721075017528,0.6550001622912935,0.06259552442765644,0.433136260267812,0.433136260267812,0.0,0.0,100.0,,0.0,4415.281693908063,0.6831127916814472,0.0402050371148487,0.49855060173584015,0.44443872189104744,0.4810308860404637,0.4846087296434282,97.57695635178287,0.05000000000000001,0.0,4191.980418700289,0.6833580353550472,0.03959168307940465,0.4987909899159774,0.4451921088521304,0.4893186006374994,0.4926783792374896,92.60982431143766,0.14999999999999994,0.0,4420.845786120742,0.6822727890547376,0.040599547936013544,0.49621356888812795,0.4430452017729056,0.463700178635201,0.46486009260206074,97.8257490142516,0.04485372430501787,0.037486634067218555,252.93105937889516,226.40369549098378,222.59333229462868,224.80959668340984,0.7217552605646049,1.7645895545434571,0.12601896319221453,1.8928322351969056,-3.38211776650441,5.459600106896765,0.15,0.3962470282466316
Normal/Normal,Normal,Normal,0.4,-0.30000000000000004,0.05,0.4722222222222222,4282.815295739876,0.6465602801539668,0.0596505941164791,0.379199682111347,0.379199682111347,0.0,0.0,100.0,,0.0,4335.786673716483,0.6706943401843318,0.04103846286260728,0.44847703593568156,0.39410915034906124,0.47478941324761353,0.4812304779548896,97.59384761022552,0.05000000000000001,0.0,4115.72570433786,0.6705751942003642,0.041418253490983326,0.4494194747979888,0.39504184410004234,0.483250062959673,0.4896440787488793,92.65533881876681,0.14999999999999994,0.0,4348.113482619936,0.6679396908947087,0.04377401678133196,0.4395163342824931,0.3886572552475037,0.4117966617545879,0.41058124935467677,98.27127734746618,0.04093827851041979,0.15285711385491194,245.74904464300081,228.47177531003555,221.52669929603184,243.36649774409491,0.72842191110507,1.2368354532892838,0.2843038606621904,1.5246556848952142,-3.9013961579949528,5.646337850871482,0.15,0.40174440982084086
Normal/OffPeak,Normal,OffPeak,0.4,-0.30000000000000004,0.05,0.49074074074074076,4072.763413445954,0.6148495491313338,0.07973546689742478,0.3071603745099065,0.3071603745099065,0.0,0.0,100.0,,0.0,4208.220063465499,0.6511346741093667,0.04457221785800367,0.3714253439637673,0.3100467170810058,0.47834206643180044,0.4860881161205214,97.5695594193974,0.05000000000000001,0.0,3992.8727668692013,0.6512062331227443,0.04380523714558418,0.37258071418456423,0.3115974833908616,0.4878996011535594,0.49532894478824263,92.57006582817635,0.14999999999999994,0.0,4198.4619151571815,0.6487722569222926,0.04470355121391671,0.3637002452632705,0.3060425983879253,0.43042225869061923,0.4342828106020785,97.70150246571843,0.051907122021484946,0.11407340334083255,274.5559421805306,258.29488883090715,246.08014298223748,258.6035042739776,0.7202115239337957,3.3259150181015698,-0.2318830327585526,3.0863197527320714,-1.9615832904263264,5.148903065328123,0.15,0.47204806219108875
OffPeak/Peak,OffPeak,Peak,0.4,-0.30000000000000004,0.05,0.5092592592592593,4169.346473475576,0.6294303251019892,0.09692277978967906,0.3860209477644021,0.3860209477644021,0.0,0.0,100.0,,0.0,4332.3157796598225,0.6703176082057212,0.040626580042665325,0.4407081998322703,0.3808893325692464,0.48177265392505575,0.48561457726383184,97.57192711368083,0.05000000000000001,0.0,4109.671128338351,0.6700778734631626,0.04058252451723103,0.44193555187338573,0.38256395169416707,0.48944459055887635,0.493770104862046,92.5934484270693,0.14999999999999994,0.0,4338.5303316617565,0.6693219176143986,0.04226449392582041,0.4412875110562382,0.3774572326227327,0.46040954782847626,0.46288109423950274,97.85560508644663,0.04229501641750378,0.06159720555296629,257.701401920422,240.41757867802366,233.15575879050138,245.50322102855853,0.6855993662014748,3.908749422026199,0.1434464226063855,4.057802805847129,-1.4312877453784651,5.568796046605783,0.15,0.43840930981119575
OffPeak/Normal,OffPeak,Normal,0.4,-0.30000000000000004,0.05,0.4861111111111111,4090.814882003075,0.6175747104473241,0.0795702308638591,0.3125739850547078,0.3125739850547078,0.0,0.0,100.0,,0.0,4215.395661123264,0.6519770844174689,0.04344508767949039,0.3762944252786388,0.3160424490675448,0.47196051375839104,0.47847241413261427,97.60763792933693,0.05000000000000002,0.0,4000.6213987218366,0.6517070184767937,0.04464874504518516,0.3779521387480378,0.318305403198775,0.48148237200813554,0.4885092897331035,92.67236065400344,0.14999999999999994,0.0,4273.212743393525,0.6517364993863201,0.0428800630007837,0.3740271274650047,0.3137006183197243,0.4538266887905721,0.45826509260380105,98.98610121874394,0.021474903994954383,0.04147207928092114,266.06439965836887,243.73047823324256,235.54875773687857,245.8059015267859,0.7241871633460965,3.045378065584526,1.371569525572224,4.458717068642768,-2.2047803648615627,6.81372510677413,0.15,0.4441596256406223
OffPeak/OffPeak,OffPeak,OffPeak,0.4,-0.30000000000000004,0.05,0.47685185185185186,3884.384133110742,0.5864106481145445,0.06923744945792866,0.20705095557279882,0.20705095557279882,0.0,0.0,100.0,,0.0,4019.167812114268,0.621541989130064,0.045527715863684426,0.2710365034384885,0.21353467368065732,0.4675922247343227,0.4756484369999965,97.62175781500002,0.05000000000000001,0.0,3823.2042155658187,0.6225422744716876,0.044917875895816126,0.27155641569169103,0.2139819560273814,0.4777716577984169,0.48563085067708,92.7155372398438,0.14999999999999994,0.0,4025.151920512994,0.6207878871049141,0.04588908473561286,0.2642707241818348,0.2091554547734898,0.4182889988994399,0.42308663017748094,97.87963324035556,0.04854477443928396,0.1131383888004887,291.87708149312266,265.3107059553378,258.96394630779025,263.5488117712299,0.7543146429393265,3.4698854280301847,0.14888923972492327,3.6239409537882272,-1.5750223316850065,5.282158460826237,0.15,0.4487811351407535
ANY,ANY,ANY,0.4,-0.30000000000000004,0.05,0.5185185185185185,4184.82802118138,0.6317675152749668,0.07420393722481561,0.36095157815194057,0.36095157815194057,0.0,0.0,100.0,,0.0,4286.4062535664825,0.6630917779167618,0.04462245370240172,0.4262394310163984,0.36852138993461553,0.47696142917318257,0.48197007564933636,97.59014962175331,0.05000000000000001,0.0,4068.0924830561876,0.662908857026362,0.0435242488072407,0.42710296588837865,0.3696135681817286,0.48504418594333765,0.4901652476022153,92.64752128596677,0.14999999999999994,0.0,4293.641913283645,0.6629023027679227,0.04180458104686877,0.42151041402124656,0.3634637050088167,0.42502884294838283,0.42427837217831427,97.7881914407539,0.048843582021197644,0.1252920344605127,314.0830002767272,275.4367661115425,263.43164786904856,266.43513336494846,0.7082749883309996,2.4272976540724613,0.16880480498418682,2.600199854127991,-2.7894942763320003,5.544353555551716,0.15,0.43360127099823137
Peak/Peak,Peak,Peak,0.6,0.0,0.05,0.46296296296296297,4423.572204049694,0.6678098134132991,0.05557067431956335,0.4795093157457771,0.4795093157457771,0.0,0.0,100.0,,0.0,4474.688285635472,0.6948115513205079,0.03757582221137937,0.5506567791310691,0.49960829017255853,0.5518192740819322,0.5548611673106223,97.2256941634469,0.05000000000000002,0.0,4207.868452478866,0.6945308322996172,0.03654084904659252,0.5515358799316709,0.5012863845130349,0.5659082334703447,0.568880615062199,91.46679077406701,0.14999999999999997,0.0,4553.486873357892,0.6921043266762016,0.03684918572756285,0.5426012962336767,0.4949902503376211,0.486926668770844,0.4801031239326331,99.32947324120856,0.015576929076405621,0.12971016688313164,240.00813984272173,212.4872617497841,207.6400995083357,222.2987151502129,0.7269870019177498,1.1555385382651289,1.7609849601228589,2.93687235825526,-4.876234446300106,8.213622283639161,0.15,0.396631907413803
Peak/Normal,Peak,Normal,0.6,0.0,0.05,0.4537037037037037,4359.955059122004,0.6582057758336358,0.061007346227959454,0.4343775095836426,0.4343775095836426,0.0,0.0,100.0,,0.0,4410.075402340217,0.6847006402440262,0.03687135597319014,0.506126143130693,0.4546624379071217,0.5498773473543638,0.5527648408059036,97.23617579597048,0.05000000000000001,0.0,4151.3176169496255,0.6849960258717855,0.03613397977411419,0.5081736172071523,0.4562316390978516,0.5642776009001311,0.567201736267982,91.49197395598028,0.14999999999999997,0.0,4461.076169600721,0.6837517912931469,0.03695716628863911,0.503242936353895,0.45082184479725557,0.513682873300991,0.5110214989852371,98.50566967085305,0.029910793257810493,0.07209056914890725,243.18587657286608,226.4815345650659,220.3540317924201,219.3161401105471,0.7330526096901643,1.1495610055280234,1.156460210032704,2.319315431179711,-4.785311759942622,7.461692436790833,0.15,0.38585084759029775
Peak/OffPeak,Peak,OffPeak,0.6,0.0,0.05,0.5092592592592593,4144.229249250453,0.6256384736187278,0.09720307518882602,0.3860360738025362,0.3860360738025362,0.0,0.0,100.0,,0.0,4318.56551561814,0.6707682501542733,0.04031153770048535,0.4495784845427192,0.39002725539125505,0.5557372461766859,0.5606949027787144,97.19652548610644,0.05000000000000002,0.0,4060.6704353952464,0.6707273968921654,0.04008950212009803,0.45036033499353934,0.391390111677,0.568924956664992,0.5734549152204833,91.39817627169276,0.14999999999999997,0.0,4400.055168949468,0.6703094406427595,0.04137011296373709,0.4486789484907729,0.38769309598283497,0.5222960766629541,0.5232234038561895,99.09592438976465,0.01669453547159331,0.06327112188217654,274.48537884510756,237.34980920184307,227.54925408010303,243.35064543233887,0.6960029924120978,4.206723515578162,1.8869611457003352,6.173063899524497,-2.016269101674805,8.35784974313453,0.15,0.46946021799632587
Normal/Peak,Normal,Peak,0.6,0.0,0.05,0.4722222222222222,4341.43578043146,0.6554099910071649,0.06241116937691551,0.4341795614098538,0.4341795614098538,0.0,0.0,100.0,,0.0,4417.780321796891,0.68598052861565,0.03976120781166817,0.5038436964942503,0.45179296501123467,0.5518887878148849,0.555157863998218,97.22421068000891,0.05000000000000002,0.0,4162.570340700737,0.6870466969228022,0.04049079516540369,0.5057186278682209,0.4533718264867257,0.5657604567237293,0.5688969633851855,91.4665455492222,0.14999999999999997,0.0,4428.014934868142,0.6854208104899903,0.0407000715466695,0.5008618390615386,0.44946558016909266,0.5225489767691812,0.5229457015039958,97.52930089695408,0.04301555244070555,0.06494587483688387,242.62380097619106,229.3048163344035,221.64246136201055,236.53070772173714,0.7280549011574311,1.7585090561409513,0.23166867353620507,1.994251644281532,-4.119960510228892,6.376939545548178,0.15,0.41452672971597604
Normal/Normal,Normal,Normal,0.6,0.0,0.05,0.46296296296296297,4265.841825261484,0.6439978600938231,0.05940545192607075,0.3837040778015144,0.3837040778015144,0.0,0.0,100.0,,0.0,4317.148883533081,0.6701452654453685,0.03892070658845614,0.45952941789619883,0.4044304896873169,0.5467307006648531,0.549108373041712,97.25445813479143,0.05000000000000001,0.0,4066.9198287369218,0.6707304691378682,0.03895297074962176,0.46127878739570766,0.40638172418544755,0.5615234901352594,0.5641858430191775,91.53721235471234,0.14999999999999997,0.0,4308.5728291223095,0.6694344586792179,0.038888676529859056,0.4503247153913063,0.40038908192497125,0.4998230022719921,0.49959913581229753,97.16080815969148,0.05047885406035553,0.10468746842486545,251.84983159786935,234.22896631319978,225.50402795864156,232.11514997463317,0.7396726422447389,1.2027416949162735,-0.19865088376922221,1.0017015541406393,-4.663135781232786,5.941916992753673,0.15,0.4030290681973639
Normal/OffPeak,Normal,OffPeak,0.6,0.0,0.05,0.4583333333333333,4073.2652933576064,0.6149253160262088,0.08005611931942512,0.30752430260467806,0.30752430260467806,0.0,0.0,100.0,,0.0,4216.0018745906,0.6547114467853703,0.040637577628287624,0.3754476420470488,0.31807052605497627,0.5521757663752672,0.5572574339838267,97.21371283008088,0.05000000000000001,0.0,3967.4321919969643,0.6551985702984429,0.039663575256933245,0.37753757142089567,0.32047216407342366,0.5672290974357541,0.572288056139822,91.41567915790267,0.14999999999999997,0.0,4280.833139134149,0.6532813780215053,0.04220598434571794,0.37159472854641534,0.3157462399658084,0.5179031205245158,0.5205284077284363,98.9181679473933,0.023335166330315193,0.06156094790807611,264.66334309736936,241.37447356165376,228.2069677037614,254.4796949441018,0.7290337283500455,3.5042299225085656,1.537742782665259,5.095858747895197,-2.598237378086501,7.899339723294367,0.15,0.43883619262744783
OffPeak/Peak,OffPeak,Peak,0.6,0.0,0.05,0.48148148148148145,4166.43328806815,0.6289905326189842,0.08963891116754354,0.38312323688077504,0.38312323688077504,0.0,0.0,100.0,,0.0,4319.1822883879095,0.6706518596015552,0.040561440764907794,0.44715682967880627,0.3893474363552325,0.5488678645016806,0.5548415129262348,97.22579243536882,0.05000000000000001,0.0,4066.669806817834,0.6710317793587225,0.03828391157750638,0.4476163515829977,0.3909752791325616,0.5619449811660564,0.5673379013086638,91.48993148037003,0.14999999999999997,0.0,4393.74347123145,0.6689111076024287,0.04035999240902883,0.44440030575647443,0.3861950994765378,0.5090630267224315,0.5114460214020419,99.16395652816314,0.016389028782939435,0.08025367659004407,272.27720002677955,243.3820672571063,236.00681232675961,244.98661629225901,0.6970164042717164,3.66618135365811,1.7262800656503325,5.455749977187232,-2.3944576656494085,8.042788816177598,0.15,0.4682222964516537
OffPeak/Normal,OffPeak,Normal,0.6,0.0,0.05,0.4675925925925926,4089.364219634078,0.6173557094858207,0.08058861687074848,0.3148511060735226,0.3148511060735226,0.0,0.0,100.0,,0.0,4213.526955045495,0.6540596957369794,0.04290865108813409,0.3834912870584293,0.32471595423184924,0.5468462252757351,0.5489189441988411,97.25540527900579,0.05000000000000001,0.0,3970.5019817975735,0.6547381291806852,0.0433227907762039,0.38543526517057436,0.3264527587159677,0.560813170972827,0.5629034410998408,91.5564483835024,0.14999999999999994,0.0,4278.165094902963,0.6532092352064537,0.04123453157742594,0.37631567504015145,0.31758329396054386,0.48635202080633605,0.4834915860728084,98.8699654540352,0.02247333847225529,0.1250109619799253,276.62903954387235,249.14632487449313,233.7264929108578,258.88312779544407,0.7242468415937804,3.036235677303582,1.5340625691279035,4.6168760014675065,-2.906619010989937,7.748720804468663,0.15,0.44627569167318903
OffPeak/OffPeak,OffPeak,OffPeak,0.6,0.0,0.05,0.4537037037037037,3883.309524851487,0.5862484186068067,0.0692460483137707,0.20473637906010506,0.20473637906010506,0.0,0.0,100.0,,0.0,4024.0635668609257,0.6247414592693733,0.04050584044776172,0.27360904169426015,0.21876924349996485,0.5431093097927053,0.5516847542773594,97.24157622861321,0.05000000000000002,0.0,3786.0159820695326,0.6244894629415988,0.0401163485877362,0.27502625852408985,0.22094543891532442,0.5565762561889077,0.5647377640220483,91.52893353966927,0.14999999999999994,0.0,4067.812367855787,0.6231612926838872,0.040799713052387346,0.26830677317620394,0.21392306489927862,0.4967341085798255,0.5019930573802698,98.53899448628734,0.02935849759385511,0.09709098396217453,297.12619929624356,263.6114704561537,256.23731114087275,273.445196253908,0.7591390941214263,3.624589827534331,1.0871796697036007,4.7511753009530295,-2.505428479479117,7.443084950534666,0.15,0.4482467373752268
ANY,ANY,ANY,0.6,0.0,0.05,0.5185185185185185,4213.0787723659705,0.6360324233644279,0.07323423840712781,0.36686748041147554,0.36686748041147554,0.0,0.0,100.0,,0.0,4317.311102824058,0.6703440881480486,0.038951426151093274,0.4386963905118648,0.38286242058726816,0.5515074084817884,0.5541575547789789,97.22921222610512,0.05000000000000002,0.0,4066.5660633000034,0.6710169178585329,0.038464436382524385,0.4396652859571462,0.3845548682696679,0.5639275738070295,0.5670935836943651,91.49359624458454,0.14999999999999997,0.0,4309.970293789319,0.6694025903150385,0.03888403273534504,0.4342765141519327,0.3799060388680192,0.5172652328126162,0.5161449069914079,97.22233799073865,0.0549431619023912,0.07514537792108313,304.47723549858233,277.3147990008704,257.72916943292046,268.3690657462533,0.7288310279359913,2.4740180777477656,-0.17003196804458964,2.2997794880758025,-3.4775687088254665,5.985498002503712,0.15,0.42919743140837274
Peak/Peak,Peak,Peak,0.6,-0.30000000000000004,0.05,0.4537037037037037,4422.274232425751,0.667613863590844,0.057990120187318264,0.4795855165220597,0.4795855165220597,0.0,0.0,100.0,,0.0,4459.4069607610345,0.6901094800323601,0.03983236018618756,0.5449147617698044,0.49376425395973633,0.4865612907930392,0.48993753643704807,97.55031231781476,0.05000000000000001,0.0,4234.32932335769,0.6914139543368247,0.038916958721525785,0.5457484968783092,0.49486247435800296,0.5003145237725662,0.503592619025761,92.44611071461358,0.14999999999999997,0.0,4449.768529905026,0.6914008466953646,0.03822194241159802,0.5435707675895347,0.49219684649037276,0.47087364318169705,0.4722729342286847,97.14806242609444,0.055957054468352876,0.04086466372684889,234.90503011890482,231.99072345032042,225.2445662232494,246.70933152939833,0.7240406944598031,0.8396749360999144,-0.2161370545639396,0.6217230328611768,-4.249960522347966,5.087918064353581,0.15,0.4072943400299893
Peak/Normal,Peak,Normal,0.6,-0.30000000000000004,0.05,0.4675925925925926,4350.792142637835,0.6568224853016056,0.06345240233610244,0.4400171796432369,0.4400171796432369,0.0,0.0,100.0,,0.0,4409.7978925513735,0.6822340915724335,0.03881974785835988,0.5060152156036902,0.45127852482298,0.4799145903659485,0.48394072469991195,97.58029637650044,0.05000000000000001,0.0,4185.620115517124,0.68258047785804,0.03900144438583369,0.5073169214218436,0.45304523159897925,0.4915245827782634,0.49517837280580096,92.57232440791299,0.14999999999999997,0.0,4442.044321189033,0.6825403730004913,0.039959420920260384,0.5035955474353211,0.44974772776705424,0.4659860396204704,0.46803104302188314,98.25808380486697,0.03857280785307045,0.02780572955884171,243.11344925064438,232.35635732032608,229.23423296295533,229.95288607950897,0.7248178559037817,1.3562070533152093,0.7312450462214506,2.097369296430533,-3.796366769674487,6.126313391922068,0.15,0.3905438831468573
Peak/OffPeak,Peak,OffPeak,0.6,-0.30000000000000004,0.05,0.49537037037037035,4180.138243861427,0.6310595174911575,0.08879750709208498,0.387171548503669,0.387171548503669,0.0,0.0,100.0,,0.0,4311.5181542774835,0.667103985433612,0.042982166432322534,0.4461857751931831,0.3858226828513881,0.4804603161273684,0.485707870366753,97.57146064816624,0.05000000000000002,0.0,4094.5216878880387,0.6681052420864992,0.041015039396552794,0.4463816024642881,0.38699304901215187,0.4932720704366444,0.49836735753768474,92.52448963693475,0.14999999999999994,0.0,4302.834974489889,0.6665283454297983,0.043625640391740515,0.44545353419133876,0.3823142123913052,0.45556498825276764,0.45860005413209975,97.44867275417928,0.051757138721153825,0.0746746456059128,267.0692233201372,243.1606861731655,232.808706927007,247.82565430746854,0.6848309059491483,3.1429561117742657,-0.20139494899215826,2.935231407923954,-2.0481752271977443,5.087609798674637,0.15,0.4618853661512234
Normal/Peak,Normal,Peak,0.6,-0.30000000000000004,0.05,0.47685185185185186,4358.501095140977,0.6579862764403649,0.06256701318777601,0.436329431247638,0.436329431247638,0.0,0.0,100.0,,0.0,4413.161376356147,0.682809533907074,0.040119872399991215,0.5035247228589869,0.4492063138003574,0.4820617558702908,0.48526456262016415,97.57367718689919,0.05000000000000001,0.0,4187.336893800346,0.6829945880329832,0.039595292006383384,0.5047850566507869,0.4505916127606016,0.4938174632193666,0.4963068789512086,92.55539681573187,0.14999999999999994,0.0,4461.881714854175,0.6822011735856576,0.04037572559519925,0.49908432511018774,0.44839758892632614,0.4604555290828435,0.46306988830851237,98.74131056547387,0.025098248005744866,0.04685426364305594,239.26962814881267,225.92290412858648,224.13449935933357,229.43457583791889,0.7291191103306994,1.25410731859418,1.1039781767113828,2.371930566415383,-3.92713452639604,6.556549616542968,0.15,0.3957484439399351
Normal/Normal,Normal,Normal,0.6,-0.30000000000000004,0.05,0.4861111111111111,4249.074547047751,0.6414665680929577,0.0631913894214314,0.37988630993732464,0.37988630993732464,0.0,0.0,100.0,,0.0,4335.562382309985,0.6706635011189707,0.04100954022412017,0.44648530299130806,0.3913820000049803,0.4756000973049578,0.4811959247801609,97.5940203760992,0.05000000000000001,0.0,4116.20974224311,0.6713900955825954,0.04092699517762755,0.44806543362664697,0.3927590350853778,0.49078002941207816,0.4961197923712467,92.55820311443131,0.14999999999999994,0.0,4329.900396549811,0.6685028927441385,0.0410543846319386,0.43960249222648556,0.3873613925925303,0.4294700666034754,0.4281727583001029,97.78555015379585,0.05109635857306083,0.11463977153409266,259.0381522006387,236.8457251183245,228.0622246238511,241.34221263182064,0.7283838252502925,2.0354511154040633,-0.1305940328128064,1.9021989048937173,-3.1269115976549724,5.191442314362043,0.15,0.4056809208636766
Normal/OffPeak,Normal,OffPeak,0.6,-0.30000000000000004,0.05,0.5046296296296297,4071.5343145530264,0.6146639967622323,0.07827984977578405,0.31127127904306645,0.31127127904306645,0.0,0.0,100.0,,0.0,4214.440186423888,0.6518191654672427,0.042961879014915286,0.37477095771850855,0.3153760793316284,0.4728649067852767,0.47798453042104183,97.6100773478948,0.05000000000000001,0.0,3997.385376026374,0.6517041042420796,0.04360510462145564,0.37681245939017005,0.31759418845353155,0.4888580285725182,0.49332732627767606,92.60009010583487,0.14999999999999994,0.0,4223.656595497546,0.6519074079783158,0.04382011004090022,0.3756463022930883,0.31445949597559797,0.46445173898707665,0.4691231221349521,97.80745404467618,0.04398990253895784,0.025716162092858097,264.27495029354805,243.65185874306704,242.1322835308657,251.62217709700965,0.7225177304964538,3.5098776242672978,0.2186864367739025,3.7362396873528354,-1.8211546998785972,5.660480493779611,0.15,0.45125412982244295
OffPeak/Peak,OffPeak,Peak,0.6,-0.30000000000000004,0.05,0.5462962962962963,4156.296593365888,0.6274602345057197,0.09256350771422421,0.38709935109007915,0.38709935109007915,0.0,0.0,100.0,,0.0,4319.503427791643,0.6684874766297654,0.04368088033690538,0.44568864495429417,0.3840596703564421,0.48582400193757086,0.4903370399930118,97.54831480003493,0.05000000000000001,0.0,4098.729959652375,0.6692981287173325,0.04373945498937671,0.44623940173725307,0.38560467531493514,0.4985808884777957,0.5032687457540688,92.45096881368896,0.14999999999999997,0.0,4352.412451023015,0.6688515783097813,0.04543987337033323,0.44237953958661963,0.3769158305339122,0.43097231599553415,0.4309248742983015,98.23400734650735,0.04090319742157488,0.14691247589835243,263.1449995698834,247.51258628691215,238.86369496468126,259.8639722049493,0.6612766512355741,3.9267369582396774,0.7618705201073726,4.718524129634039,-1.3850463368133576,6.189295071104296,0.15,0.44548549100516505
OffPeak/Normal,OffPeak,Normal,0.6,-0.30000000000000004,0.05,0.46296296296296297,4083.0175428218076,0.6163975759090894,0.07709090326409017,0.30911062736412875,0.30911062736412875,0.0,0.0,100.0,,0.0,4213.27679795862,0.6517314066853381,0.04196776278259568,0.3728415277144006,0.31322696514431975,0.4743230336829935,0.48058729184943727,97.59706354075283,0.05000000000000002,0.0,3998.552584957238,0.6520857713198651,0.042525327572195966,0.3738003421508631,0.3147324158463839,0.4885966921489854,0.49496940424636565,92.57545893630453,0.14999999999999994,0.0,4244.797975818561,0.6509881384168982,0.04322333451725215,0.3663152312002327,0.30961942473674126,0.4426719052264463,0.44656013469119143,98.44408277401588,0.03502071480663599,0.07684734154275871,267.80891090808626,239.48898465399066,228.30094619132876,242.1364116298107,0.7210274790919953,3.19026929888694,0.7481392600460949,3.9622762160592053,-2.0686895654676762,6.158363198416117,0.15,0.4313795487894274
OffPeak/OffPeak,OffPeak,OffPeak,0.6,-0.30000000000000004,0.05,0.4398148148148148,3885.2137519909174,0.5865358925107063,0.07114473209320588,0.2052649827809417,0.2052649827809417,0.0,0.0,100.0,,0.0,4016.255396070407,0.6212562356239267,0.044505444224610925,0.26878916712645906,0.2108290968226799,0.4736394050152276,0.4801196722073157,97.59940163896341,0.05000000000000001,0.0,3817.6481606251155,0.6223901336531511,0.04404657492873474,0.26997454942258137,0.21203890314398177,0.4865115193377477,0.4925249439836225,92.61212584024567,0.14999999999999994,0.0,4008.3939787981835,0.6207453389055848,0.04398845149953685,0.2634135129363538,0.20770320957938077,0.4481040751010666,0.4534090496387069,97.46660857872692,0.05423736921935415,0.0637851827620077,286.8633365199545,257.63927660232605,244.84091385763656,277.4534194569361,0.755155926639549,3.3728297191458125,-0.19573997410412308,3.170487769022857,-1.7390443789914791,4.996422146503796,0.15,0.4722654606470967
ANY,ANY,ANY,0.6,-0.30000000000000004,0.05,0.5555555555555556,4183.222295685791,0.6315251050250289,0.07679568361878251,0.3637557884626938,0.3637557884626938,0.0,0.0,100.0,,0.0,4279.535858222295,0.662255908601521,0.042744951140872,0.42859844913518047,0.37147583523138894,0.48175822333828217,0.48867580038448755,97.55662099807756,0.05000000000000001,0.0,4063.977244121253,0.6637432768417679,0.043312261546876535,0.42995452207584295,0.3726636169892815,0.49801613678110923,0.5040495089951625,92.43925736507255,0.14999999999999994,0.0,4291.039490577701,0.6606004235937091,0.04170851065254912,0.42554274923227653,0.3706795033852792,0.4642578563319404,0.4711181353832753,98.05225714095224,0.038289686837862436,0.037949692143133124,308.1838998551255,277.15337771646546,262.3120744771563,295.7122491658764,0.7254758418740849,2.302377347621074,0.2688056073488415,2.5773718743826506,-2.850554982160932,5.587192861005927,0.15,0.4229169991596999
Peak/Peak,Peak,Peak,0.8,0.0,0.05,0.4675925925925926,4433.257571211391,0.6692719763302222,0.056880914231569636,0.4783840788779631,0.4783840788779631,0.0,0.0,100.0,,0.0,4480.395520840032,0.6957702694538981,0.03753016107191884,0.5483042801922092,0.49875610214876487,0.5535134686331693,0.55678198491233,97.21609007543834,0.05000000000000001,0.0,4213.5480116890385,0.6963368160473958,0.037721570163847744,0.5501005868452989,0.5001337139780531,0.5733365652794871,0.5763427824380316,91.35485826342952,0.15,0.0,4550.03825967786,0.694540793973506,0.03916328772998973,0.5400475649102239,0.49385112999198616,0.48902819883975185,0.4834862475311526,98.90859922283755,0.023460563173137095,0.12445290955901499,245.52972675043858,228.08628682240322,217.2014776845693,219.18252106987242,0.7297827239003709,1.063280192306994,1.554388189924146,2.6341958839661626,-4.955939419110199,7.9859122776184135,0.15,0.3734315607731882
Peak/Normal,Peak,Normal,0.8,0.0,0.05,0.4675925925925926,4361.838130165594,0.658490055882487,0.06302494201750258,0.435129026316021,0.435129026316021,0.0,0.0,100.0,,0.0,4419.6102273515,0.6863129236260312,0.03841670057404682,0.5060477828594777,0.4539435864676913,0.5533487071100847,0.5566435498099256,97.21678225095039,0.05000000000000002,0.0,4155.690531531676,0.6866475403862191,0.037696519299227675,0.5085882116395765,0.45696198906597457,0.5730208813347746,0.5754954238262677,91.36756864260599,0.14999999999999997,0.0,4462.560588365376,0.6853855837852854,0.04061812163333514,0.5043418291819404,0.4514862881970984,0.5292420556236038,0.5294839639710218,98.29204490375456,0.030423959383083288,0.0468550087698124,238.67295514557267,230.80077229528663,222.90184317894037,237.7767020544355,0.7377611789643687,1.3244897096562576,0.9718133229955619,2.309174600111964,-4.7261634311517,7.38433371073461,0.15,0.40281511506926065
Peak/OffPeak,Peak,OffPeak,0.8,0.0,0.05,0.5370370370370371,4160.278347338096,0.6280613447068383,0.09347391712131764,0.3859665859369648,0.3859665859369648,0.0,0.0,100.0,,0.0,4301.0062546683985,0.6678427515170161,0.04331729854757789,0.4500410310891483,0.39306227834943824,0.5527423747372799,0.555027773877762,97.2248611306112,0.05000000000000001,0.0,4049.066692898455,0.6688328611803049,0.040090545248968185,0.45209786649536227,0.39560291467557507,0.5712892956864092,0.5737339750266051,91.39399037460093,0.14999999999999997,0.0,4355.6323967172375,0.6662469584545312,0.04291666371132109,0.44767368090544385,0.3863658453164719,0.4853624200246156,0.4824872095957906,98.69901742041664,0.027791357433804093,0.14826911558774877,255.58788603877608,241.1924620432877,229.27720102759935,241.28239905000433,0.6887247775774844,3.38265605281785,1.2700781820427887,4.6956966113610275,-2.673178214404771,7.571268321079012,0.15,0.44622931129939336
Normal/Peak,Normal,Peak,0.8,0.0,0.05,0.4675925925925926,4353.65993333533,0.657255424718498,0.062376644384410845,0.4329167452797494,0.4329167452797494,0.0,0.0,100.0,,0.0,4407.867230834156,0.6845785330871186,0.037971130628407304,0.5057257253365441,0.4537990302727009,0.5558459698081438,0.5591542320195471,97.20422883990226,0.05000000000000001,0.0,4144.607936917076,0.6851484694124056,0.0372211902896241,0.5079109241179075,0.4557370252066208,0.5748554744015053,0.578466262967873,91.32300605548191,0.14999999999999997,0.0,4467.119482425159,0.6826674752654003,0.0391083342797392,0.5023218741518594,0.4525983360215416,0.5196973478480548,0.5203831454847032,98.78556217331436,0.027950173332972308,0.07468899226255361,243.60900662437447,232.34572592924775,222.3588280123165,239.45347558029476,0.7279009798865395,1.2450971901541663,1.3442385736239644,2.606072840487291,-4.801752999070365,7.781472950321571,0.15,0.38881134502889725
Normal/Normal,Normal,Normal,0.8,0.0,0.05,0.46296296296296297,4253.335172206119,0.6421097784127596,0.060738244889292796,0.38337072298584624,0.38337072298584624,0.0,0.0,100.0,,0.0,4328.545310134047,0.6722550365471293,0.039213838109478004,0.4589533908813605,0.40437550504806674,0.5532346247193578,0.5589665158270499,97.20516742086474,0.05000000000000001,0.0,4066.5402522852764,0.672149322973561,0.03842584214666133,0.46094746037186934,0.4070115809703945,0.5717239997406678,0.5775426987685401,91.3368595184719,0.14999999999999997,0.0,4363.79498444602,0.6685056545827895,0.040831825017309115,0.4461036676208546,0.3974367105980173,0.46507608713285975,0.4593677648920286,98.54692417604598,0.03378056744323962,0.1812448515900673,254.432141772268,238.411557296241,225.33459304935562,239.55028208264397,0.7348457568119073,1.768262666422275,0.8143538252781076,2.597016406365357,-4.39172819347683,7.30976982199291,0.15,0.4023920892305453
Normal/OffPeak,Normal,OffPeak,0.8,0.0,0.05,0.49537037037037035,4073.6332926317755,0.6149808714721883,0.07709397606647014,0.3105764207540666,0.3105764207540666,0.0,0.0,100.0,,0.0,4209.097734483343,0.653446585832028,0.041975639145713964,0.37918758437709826,0.3220033130862013,0.5440634871308218,0.5510846050171516,97.24457697491425,0.05000000000000001,0.0,3971.5697930740334,0.6555428222825057,0.04018336804930654,0.3794731374313237,0.3221126237790098,0.5626299890642995,0.5689055911370745,91.46641613294389,0.14999999999999997,0.0,4214.928045122264,0.6519766308747329,0.040978478498538376,0.3763546392271462,0.31888078558460425,0.5070820668886323,0.5103794577946442,97.60020645803557,0.043233685657162194,0.08241089887625215,269.2884593513849,224.7882030132906,215.25246975403726,232.52753111789758,0.7293420823413275,3.325396080609168,0.13851687479613434,3.468519190130755,-2.50546606004891,6.1275078804511915,0.15,0.44917497439706733
OffPeak/Peak,OffPeak,Peak,0.8,0.0,0.05,0.5277777777777778,4144.2536779839065,0.625642161531387,0.09425659275539346,0.38633756955441195,0.38633756955441195,0.0,0.0,100.0,,0.0,4323.24141888165,0.6713558211291332,0.03914579207053774,0.44626072116511367,0.38810855239141134,0.5532906369674498,0.556889238092215,97.21555380953892,0.05000000000000001,0.0,4069.6728955364088,0.6723299476069404,0.04038857088025643,0.447465981098094,0.3892166242010693,0.5710010482674063,0.5746365070021706,91.38045239496743,0.14999999999999997,0.0,4340.697039575181,0.6682650723217057,0.03991218318425452,0.44309542284330616,0.3838702211161264,0.49422092388378674,0.49194901929808965,98.06615829194251,0.039128749309871036,0.12893076234475623,272.81921082474304,244.28225023777378,229.02573679357522,239.3118348419125,0.687436275065141,4.318937854808575,0.40376233946349327,4.740138438794618,-1.7996191411665652,6.659605108214721,0.15,0.4706428401218491
OffPeak/Normal,OffPeak,Normal,0.8,0.0,0.05,0.4583333333333333,4067.7202822467884,0.6140882068609282,0.08222858731774595,0.3064455653362989,0.3064455653362989,0.0,0.0,100.0,,0.0,4192.2691258409395,0.6509679719055458,0.04185009961164772,0.3787504554124692,0.32249724317891826,0.5487691021167674,0.5554634093209804,97.2226829533951,0.05000000000000001,0.0,3948.6387565854398,0.6524301104086458,0.04039349534814865,0.3805271869192881,0.32440926994740055,0.5693543433487679,0.5757031431164411,91.36445285325338,0.14999999999999997,0.0,4243.624053562163,0.6516812795031853,0.041631758529628,0.3714764507218653,0.3155999834123771,0.5056472914701107,0.5087431152166211,98.3206393138106,0.03188678923883507,0.08736118565830824,267.47396595736205,241.8903707954062,229.84850356051356,234.11525760504864,0.728786999419617,3.0618831913721722,1.2249911964065954,4.32438218731733,-2.9274757701769625,7.470556694626826,0.15,0.43825624118951495
OffPeak/OffPeak,OffPeak,OffPeak,0.8,0.0,0.05,0.4675925925925926,3873.901472763687,0.5848281208882378,0.0717804122325133,0.20635874545561309,0.20635874545561309,0.0,0.0,100.0,,0.0,4021.1769877235392,0.6242171518473772,0.04448707020184137,0.2771785465294311,0.21971979218836565,0.5416399168945503,0.5493287931100768,97.25335603444961,0.05000000000000001,0.0,3788.9071627642784,0.6251200579070791,0.045032542403925326,0.27907709003618436,0.22183962691467993,0.5593931135448623,0.5662222814744241,91.50666577788364,0.14999999999999994,0.0,4070.399342916451,0.6240389618223071,0.04259749775288953,0.2729364181763211,0.21672467726372907,0.5117377238158884,0.5181629153713384,98.46981079162933,0.027959741733699285,0.05738501815691818,279.9036793838783,256.71592232670355,245.40032704625705,271.29321201309864,0.7571091518688687,3.801736208194897,1.2240783070027852,5.072350743411666,-2.1940235340774548,7.429376547373731,0.15,0.4601574164923476
ANY,ANY,ANY,0.8,0.0,0.05,0.5138888888888888,4178.89376230896,0.6308716428606522,0.06999024392715081,0.37215910645178296,0.37215910645178296,0.0,0.0,100.0,,0.0,4291.009718018809,0.6662484007425714,0.04112392510234441,0.4401621792441393,0.38466324562540544,0.5480991566980894,0.5536970412649341,97.23151479367533,0.05000000000000001,0.0,4040.865594205736,0.6672729387513161,0.040886799020345,0.4420784512839089,0.3868383436994992,0.5665032557583995,0.5717670760540504,91.42349385918924,0.14999999999999997,0.0,4335.89005629909,0.665116113188956,0.04079333735180754,0.43815733967602993,0.38168818105587704,0.5157629015627616,0.5178427115252398,98.4166839845252,0.028779947824951524,0.06553850959916906,322.8670813256638,274.34705230394917,263.08697489036564,284.01945891037246,0.7159776172108437,2.6829099299213026,1.045915559030783,3.756886461343915,-3.3029834198742307,7.3010214077992215,0.15,0.43327721142479225
Peak/Peak,Peak,Peak,0.8,-0.30000000000000004,0.05,0.42592592592592593,4435.950798686851,0.6696785626036913,0.056219592729467124,0.48236619012358306,0.48236619012358306,0.0,0.0,100.0,,0.0,4494.753033786308,0.6956659600063455,0.03960816316357077,0.544486879064666,0.4942478413129506,0.4875136468450215,0.49192266216028685,97.54038668919857,0.05000000000000002,0.0,4257.517153244366,0.6959167129047273,0.03772379772868412,0.545589730825551,0.49592429946128574,0.5053747234663512,0.5094679248207729,92.3579811276884,0.14999999999999997,0.0,4526.063526465323,0.6949455649777191,0.039931695165589205,0.5406632751917699,0.4918211150520369,0.46310153391021813,0.4648237409002573,98.32049271407782,0.0341602722276707,0.057702140057733935,246.8972272370012,230.06975636943542,228.11877613645308,229.72812908879004,0.7272270315554314,1.3255835731285361,0.6966009576868621,2.0314185586807514,-4.022444196074162,6.307581709126301,0.15,0.3862204977688907
Peak/Normal,Peak,Normal,0.8,-0.30000000000000004,0.05,0.46296296296296297,4348.845929733902,0.6565286729670745,0.06363634305585926,0.4361675704291267,0.4361675704291267,0.0,0.0,100.0,,0.0,4396.996164941654,0.6803834509466574,0.040635083602819595,0.5018076384552371,0.4493215449234084,0.48403401131066287,0.4875214982474257,97.56239250876285,0.05000000000000001,0.0,4172.400763433519,0.6815842007450038,0.03842848623948872,0.5031919724640103,0.45119593269759983,0.502232073575446,0.5056959338089816,92.41456099286526,0.14999999999999994,0.0,4392.31584087549,0.6793482822137784,0.04109140595280862,0.49962203913130365,0.4475442620524873,0.46171769186517236,0.46183626235112607,97.6163490494495,0.05177285502314743,0.05771901351929145,241.42715628416005,228.68975355342178,223.27661354898032,223.15647674691388,0.7283351837784141,1.10719570170419,-0.10644366950968115,0.9995734924609617,-4.057287132064006,5.270708398130951,0.15,0.398050398704864
Peak/OffPeak,Peak,OffPeak,0.8,-0.30000000000000004,0.05,0.5,4172.443212727952,0.629897828008447,0.09379058574932016,0.38645212571548,0.38645212571548,0.0,0.0,100.0,,0.0,4316.201832641381,0.6679778751607616,0.041817170358947296,0.4453176549098254,0.3851453074129942,0.48572586965115605,0.4902880473888521,97.54855976305575,0.05000000000000001,0.0,4094.27776710824,0.6690207811613444,0.042644790237632055,0.44656881738688015,0.3870184112347138,0.5032883325584439,0.5073924588979364,92.38911311653094,0.14999999999999994,0.0,4362.640506467379,0.6681456788227419,0.04123067262830689,0.44498090866199536,0.38351141007294215,0.4766354680796789,0.4812470288169359,98.57976845939076,0.029200561471131054,0.01611630609793702,254.01465620882107,232.02196079487834,223.953533821727,236.65986159718193,0.6910549917394383,3.4454302331759896,1.0759152520348931,4.558415394587845,-1.873373504072396,6.5545806763541075,0.15,0.4440980836381312
Normal/Peak,Normal,Peak,0.8,-0.30000000000000004,0.05,0.5046296296296297,4349.031262958976,0.656556652016754,0.05907956424512264,0.43833478530095754,0.43833478530095754,0.0,0.0,100.0,,0.0,4422.287678502323,0.6843009000120455,0.0393233326962809,0.5023751060718903,0.4491848846484704,0.4847848752465294,0.4874712909976768,97.56264354501161,0.05000000000000001,0.0,4187.72800219062,0.6840701041493388,0.038769607842169804,0.5051206936895466,0.4520722056388307,0.5025937203588107,0.5052231290052961,92.42165306492056,0.14999999999999994,0.0,4446.117552822316,0.6829895532759968,0.03924303611119655,0.5005658356901651,0.4472250151127426,0.45682489252702113,0.45608722554768477,98.27291505681652,0.03764109761568918,0.0655208835696104,250.69148983333835,230.29525057455362,222.87343952756265,237.2245221856901,0.7183877611062077,1.6844306493557974,0.5388585287165977,2.232365876286765,-3.7089469128950205,6.170160776834861,0.15,0.40455787540863125
Normal/Normal,Normal,Normal,0.8,-0.30000000000000004,0.05,0.4583333333333333,4277.19321393367,0.6457115359199384,0.06087137921423251,0.37880537299414774,0.37880537299414774,0.0,0.0,100.0,,0.0,4343.709852266683,0.6720053284927721,0.03907048336150185,0.4466034765991681,0.3922181049157611,0.4797688498252809,0.4834475342703536,97.58276232864824,0.05000000000000002,0.0,4117.963193046148,0.6725522074366574,0.040207946677238614,0.45050397334421705,0.39460815796678494,0.5010395446329823,0.503966381057738,92.44050428413394,0.14999999999999994,0.0,4360.832259657805,0.6707237489198339,0.0414760633142971,0.44297650273209255,0.3908090600869349,0.4457243348898519,0.4464379987735248,98.14930277390852,0.04206105712355894,0.08159962773199048,240.1422064580855,240.61358578983007,227.43300476639507,252.57032429062434,0.7345215759849906,1.555146915419285,0.3941885617011611,1.9554656883786774,-3.722768949712251,5.897795954606401,0.15,0.40503632242907617
Normal/OffPeak,Normal,OffPeak,0.8,-0.30000000000000004,0.05,0.4722222222222222,4072.64023975775,0.6148309540697087,0.0829110746201275,0.31164338033682903,0.31164338033682903,0.0,0.0,100.0,,0.0,4198.8560249817065,0.6496119369713853,0.04427181797552529,0.37495781570015063,0.3150804060345955,0.4759006804732072,0.4836689758065471,97.58165512096726,0.05000000000000001,0.0,3986.7615276428737,0.6509390151469592,0.04257629959158932,0.37567209396149237,0.31675456495834114,0.4942818592602702,0.5020687508327407,92.46896873750887,0.14999999999999994,0.0,4208.407896121274,0.6500367649155683,0.043839011725395366,0.37474318469478435,0.3149529642387191,0.4748586459741707,0.4827293534505774,97.73176079568864,0.04716939112712688,0.002470433910861633,269.3172048096964,234.2258812792673,223.76347054015693,245.91732477550843,0.7311227024341779,3.0991145250645604,0.22748746522235655,3.333652087364324,-2.1086741538453304,5.559559229755226,0.15,0.45664412556723905
OffPeak/Peak,OffPeak,Peak,0.8,-0.30000000000000004,0.05,0.5185185185185185,4165.422802170518,0.6288379834194623,0.09057628213132007,0.3828671740028858,0.3828671740028858,0.0,0.0,100.0,,0.0,4312.3900100860055,0.6673571347108365,0.040819861504964604,0.4410991276632686,0.38088391412624945,0.4855598189490219,0.4894993567261538,97.55250321636922,0.05000000000000001,0.0,4086.7819137399574,0.6676170481453252,0.03996857803877206,0.4417852474762585,0.38339300912072327,0.5019453093570353,0.5057723063090688,92.41341540536396,0.14999999999999994,0.0,4356.865461295086,0.6661564817686461,0.04264533216798558,0.44215356643140047,0.3781197388461235,0.45813722995767664,0.46023775409406376,98.74069526564799,0.02794060975895027,0.0634791860637468,267.0381450184006,234.87139133376522,230.65647381483737,237.27669914013458,0.6843207291538367,3.5282662744081184,1.0313411149051737,4.595995850044596,-1.8879449257727685,6.608709572857181,0.15,0.4408514449465213
OffPeak/Normal,OffPeak,Normal,0.8,-0.30000000000000004,0.05,0.4861111111111111,4072.6193662469104,0.6148278028754395,0.08222810720583919,0.31418668795211196,0.31418668795211196,0.0,0.0,100.0,,0.0,4213.285484510409,0.6517124595785568,0.04443812175005009,0.37358655723817047,0.31385228888951383,0.4744975926763945,0.4801751301661008,97.5991243491695,0.05000000000000001,0.0,4000.213374250776,0.6525874088560585,0.04345308570793288,0.3756461075017878,0.31641440743926175,0.49251480008368165,0.4974713362523622,92.53792995621457,0.14999999999999994,0.0,4205.349236130331,0.6495494963012695,0.04327406150146944,0.3697605955147727,0.3119892546907973,0.4408476918903192,0.44518947010809873,97.72869324491589,0.047352317852962844,0.08612696561362326,261.7813265783226,235.3514911715525,234.35019349445082,251.63469397375087,0.7216819797464958,3.45394709432737,-0.18836246461948278,3.259078689834359,-1.7778728008863685,5.128122994638403,0.15,0.4450088225034243
OffPeak/OffPeak,OffPeak,OffPeak,0.8,-0.30000000000000004,0.05,0.4722222222222222,3892.9755398202356,0.5877076599970162,0.072139725867832,0.20761850047466396,0.20761850047466396,0.0,0.0,100.0,,0.0,4024.089692310528,0.6225128850547175,0.045797026043445675,0.2738526080163699,0.2146927377792511,0.4742481000928764,0.4822811047412285,97.58859447629385,0.05000000000000001,0.0,3827.1024557714886,0.6247600249439555,0.04391415964706351,0.27454442376280314,0.21550039264705767,0.49393901919931404,0.501638294732289,92.47542557901566,0.14999999999999994,0.0,4026.139123892214,0.6228362339028799,0.045224850014713436,0.2710125273721626,0.2136348374113493,0.46559457011327227,0.473462143243596,97.58899862926306,0.05140977587539689,0.017046641400577017,285.302541631333,260.2835917439703,252.01381534409498,263.6127230601772,0.7567437710206603,3.367967539203874,0.050929073116885826,3.4206118869713547,-1.6921011543727482,5.2007143895655705,0.15,0.4786913897579236
ANY,ANY,ANY,0.8,-0.30000000000000004,0.05,0.5231481481481481,4179.685502520364,0.6309911688587506,0.07174718209267478,0.36629947321696,0.36629947321696,0.0,0.0,100.0,,0.0,4287.238218766148,0.6635206913235817,0.04106376265206528,0.42971919001589215,0.37294896301717423,0.4854103696513469,0.49075429887225114,97.54622850563875,0.05000000000000001,0.0,4067.5335242382075,0.6647479325706783,0.040320645064313106,0.43118724334687386,0.3744511009194829,0.5033926604282489,0.5081130639466889,92.37830404079966,0.14999999999999994,0.0,4291.97673559929,0.6614213508798411,0.041244907157028866,0.42456951086377925,0.3700454371181654,0.44299487286903316,0.44625119897968346,97.9749733388423,0.04167705366479213,0.09559398382354611,301.3861484099877,262.9602700228813,251.78423650311618,258.31315652392664,0.7215214189665109,2.5732250950682576,0.11052609142175882,2.686595271611079,-2.6832635664699773,5.517919152322597,0.15,0.4171949208448683
