level1,level2,gap_BA,gap_CB,gap_CA,A_lf,C_lf,A_imbalance,C_imbalance,cannibalisation,C_flex_share_cbm,C_no_offer_rate,d_B
Normal,Normal,1.5589,0.2757,1.8381,0.6442,0.6701,0.0606,0.0414,0.7372,0.4688,0.0982,0.05
Normal,OffPeak,3.3017,0.3072,3.6191,0.615,0.6515,0.0792,0.0426,0.7272,0.4879,0.0578,0.05
Normal,Peak,1.4897,0.705,2.2037,0.6566,0.6829,0.0623,0.0403,0.7249,0.4834,0.0738,0.05
OffPeak,Normal,3.061,0.9342,4.0232,0.616,0.6506,0.0795,0.0427,0.7253,0.4755,0.0845,0.05
OffPeak,OffPeak,3.6124,0.4129,4.0412,0.5863,0.6223,0.0698,0.0443,0.7572,0.4751,0.0768,0.05
OffPeak,Peak,3.8439,0.97,4.8508,0.6276,0.6683,0.0933,0.0418,0.6879,0.4885,0.072,0.05
Peak,Normal,1.3636,0.7293,2.1029,0.6567,0.683,0.0624,0.0394,0.7291,0.4904,0.0547,0.05
Peak,OffPeak,3.5824,0.9441,4.561,0.6283,0.6676,0.0932,0.0419,0.6913,0.4877,0.07,0.05
Peak,Peak,0.9954,1.0792,2.0855,0.6686,0.6926,0.0578,0.039,0.7289,0.4874,0.0625,0.05
